Brand,comments,,,
transworldhome,Only tv available,,,
transworldhome,Are u planning to launch in G-10 Islamabad?,,,
transworldhome,When available Rafi block phase 8 Bahria town islamabad,,,
transworldhome,Gulberg A3,,,
transworldhome,One of the worst services we are facing,,,
transworldhome,May i know your bill how to may online from out of pskistan,,,
transworldhome,Today is the last day of 10Mbps extra on 20-30Mbps package?,,,
transworldhome,When coming rafi black phase 8 Bahria town,,,
transworldhome,"Atleast smbdy is thankful to that
**MITTI KA AASHIQ**
Luv u baba...but I am sorry!!!Niether we care about you nor for SMBDY who's trying to put in all his efforts to be like you.Cos we are the nation who never remembers it's rare well wishers....Alas!!!Are we gonna lose *him* also?",,,
transworldhome,I'm proud my leader said e azam,,,
transworldhome,Heart touching....,,,
transworldhome,Humera Nadeem,,,
transworldhome,Fabulous,,,
transworldhome,So Lovely Tribute For Quaide Azam,,,
transworldhome,"TRIBUTE to the Man of Principles, Quaid e Azam Muhamad Ali Jinnah| By Anas Ahmed Chohan

Click here for the Official Video: https://youtu.be/sM1AH8aW0Hw",,,
transworldhome,Asif Ali,,,
transworldhome,M Mumtaz,,,
transworldhome,üíûüáµüá∞,,,
transworldhome,A powerful tribute very heart melting.,,,
transworldhome,Nice....,,,
transworldhome,Jinnah,,,
transworldhome,Its a very beautiful tribute For quaide azam,,,
transworldhome,Very good.,,,
transworldhome,",geo",,,
transworldhome,So beauti,,,
transworldhome,Mathan Thank,,,
transworldhome,Wonderful song heart touching tribute.,,,
transworldhome,I love this one,,,
transworldhome,Happy birthday,,,
transworldhome,This song is very Emotional and historical about bania Pakistan Muhammad Ali Jinah,,,
transworldhome,Very true,,,
transworldhome,So proud dear,,,
transworldhome,He√†rt touching..,,,
transworldhome,Mohsin Jamali,,,
transworldhome,Mustafa Dandor,,,
transworldhome,Nice beautiful reality,,,
transworldhome,Azeem leader I agree qaid vision and pk country and pak county new a nactional antham and pk country open in barsagair pak o hind,,,
transworldhome,Ch Zar,,,
transworldhome,Heart touching ‚ù§Ô∏è,,,
transworldhome,Nice n lovable wording of tribute with great honour....nice n awesome,,,
transworldhome,Very NICE,,,
transworldhome,"Matchless lovable, heart touching .",,,
transworldhome,He had a 'MINDSET' and made Pakistan. Now we all need a 'MINDSET' to serve it well.,,,
transworldhome,"Love the Song

Also check my Video
https://youtu.be/sM1AH8aW0Hw",,,
transworldhome,Umar Hayat,,,
transworldhome,Nice company,,,
transworldhome,ü§óü§ó,,,
transworldhome,Nice,,,
transworldhome,When will u come to Dera Ismail Khan,,,
transworldhome,Amazing,,,
transworldhome,ÿØÿßŸÜÿ¥ ÿßÿπÿ¨ÿßÿ≤ ÿ®Ÿπ ⁄©ÿ¥ŸÖ€åÿ±€å,,,
transworldhome,Grat,,,
transworldhome,"1: Connect
2: Internet
3: Tru Experience",,,
transworldhome,Please add your services in pakistan villages,,,
transworldhome,Net,,,
transworldhome,"Connect
Internet
Tru Experience",,,
transworldhome,"1.connect
2.Internet
3. Tru experience",,,
transworldhome,"Connect.
Internet
Tau dependence",,,
transworldhome,"1. Connect
2. Internet
3. Tru experience",,,
transworldhome,connect. Internet. Tru Dependence.,,,
transworldhome,Internet not working Customer ID: 210107092,,,
transworldhome,Service started for DHA Phase 8 Ex Parkview Lahore?,,,
transworldhome,owner of submarine cable! come out of dha.there is a huge market other then dha,,,
transworldhome,Which plan does this apply to? And how many times can I avail it?,,,
transworldhome,I hope you your campany start services in villages because our villages have without internet service so many students can not access to Internet,,,
transworldhome,Alhumdulillah proud to be a part of TES Family,,,
transworldhome,My internet is having issue after i have upgraded to 50Mbps ü•∫ü•∫,,,
transworldhome,Please let me knew us for your monthly package,,,
transworldhome,Is it available in koral chowk Islamabad,,,
transworldhome,please tell me kon see city main,,,
transworldhome,Is it available in lahore DHA phase 8 Area ?? And how much setup charges ?,,,
transworldhome,Please come to Jamshed town Karachi,,,
transworldhome,Already inboxed you everything,,,
transworldhome,"As salaam-o-alaykum.
I have already made a referral in March/April 2020, but have not received the claim as mentioned in this poster.",,,
transworldhome,"Shittiest service 3 din se complain kr rha hun , no response , everyone please avoid their network",,,
transworldhome,I‚Äôm proud to a part of transworld family,,,
transworldhome,"lolz,then come out of dha and bahria,their are a lot of potential customers out side of dha and bahria.",,,
transworldhome,Works like a charm for me,,,
transworldhome,What about Karachi Bahria Town ??,,,
transworldhome,"Still no where near Phase 8, Sector P.",,,
transworldhome,Hassan Saleem Sanawan,,,
transworldhome,Any plan of coming to State life Society Lahore?,,,
transworldhome,"Any news for Bahria town lahore sir ?
Transworld Home",,,
transworldhome,When coming rafi black Bahria Town Phase 8 Rawalpindi,,,
transworldhome,What about real Islamabad? FGEHA,,,
transworldhome,My internet speed is fluctuated since 2-3 days after disconnection problem is resolved.,,,
transworldhome,Worst service my internet is not working from yesterday they do not align team and always give you lame excuses Transworld Home. This is fiber cable broke issue that can be fix in just 20 to 30 minutes and this 2nd time i m facing this problem in 2 weeks.,,,
transworldhome,My internet is not working since morning ü•∫ü•∫,,,
transworldhome,Abbottabad me hy ye service?,,,
transworldhome,Need in daska sialkot,,,
transworldhome,Details plz,,,
transworldhome,its a shame that you guys own submarine cables but present only in dha and bahria.,,,
transworldhome,Price plan ??,,,
transworldhome,Multan city office no?,,,
transworldhome,Are you available on peshawar road ???,,,
transworldhome,Are you available in gulberg A3,,,
transworldhome,"Tes Team
High latency Last Three Days....",,,
transworldhome,Unfortunately not available in Bahria Town Lahore only ptcl the potty company ruling in Bahria Town Lahore and sucking our blood . 15mb package charges 4000 and download cap only 1000gb . Download upload both included .,,,
transworldhome,Quality gone bad for few days .... bad,,,
transworldhome,Good promotion but please consider lowering your monthly charges.,,,
transworldhome,Very limited Tv channels,,,
transworldhome,Waqar Tunio,,,
transworldhome,Shayan Imran,,,
transworldhome,Available in Multan?,,,
transworldhome,Aizaz Akhtar read comments. Optix is much better,,,
transworldhome,"This offer is one time only as after utilising it for three months, I went back to pay for another three months advance and they refused on the plea that it was one time only.",,,
transworldhome,Tariq Khan Taha Ahmed,,,
transworldhome,High ping,,,
transworldhome,available in G-11/4 isllamabad?,,,
transworldhome,1.0.0.1 DNS ping is 180+ üò°,,,
transworldhome,wow,,,
transworldhome,sir help me,,,
transworldhome,Meesum Abbas Bhatti,,,
transworldhome,Make your page verified,,,
transworldhome,Saad Maqsood,,,
transworldhome,Good,,,
transworldhome,We need fast expansion in other cities also,,,
transworldhome,"Use your DNS like this.
45.249.11.8
8.8.8.8",,,
transworldhome,Bahria town lahore.. ?,,,
transworldhome,"Any good news for Bahria town Lahore ?
Transworld Home",,,
transworldhome,Khalid block phase 8 available??,,,
transworldhome,"Karachi will win
Done hope to win
Like and share",,,
transworldhome,no channel in HD on Transworld Home,,,
transworldhome,Lahore qalandar won the match inshala,,,
transworldhome,Multan sultan will win,,,
transworldhome,Channels list?,,,
transworldhome,no channel in HD on Transworld,,,
transworldhome,"Peshawar zalmi will win
Done hope to win
Like and share",,,
transworldhome,Lahore,,,
transworldhome,Please share channel name which is telecasting match in HD,,,
transworldhome,"With an average latency of 50ms on speed tests, imagine what do end consumers get while even trying to connect to a game",,,
transworldhome,Is it available in Peshawar,,,
transworldhome,"Yes, Love your support ‚ù§",,,
transworldhome,We are waiting impatiently here in Dera Ismail Khan (N.W.F.P) for your DSL net services. Please do come quick.,,,
transworldhome,M Umer,,,
transworldhome,Available in Faisalabad?,,,
transworldhome,Finally they are done with this.. Good... :-) Transworld Home,,,
transworldhome,Saad Ali,,,
transworldhome,Great team work,,,
transworldhome,welcome in khadda market,,,
transworldhome,Thats great,,,
transworldhome,Taha Ahmed Tariq Khan,,,
transworldhome,Adeel Ahmed,,,
transworldhome,ü•∞ü•∞,,,
transworldhome,"Very bad service, slow internet",,,
transworldhome,Give us extra speed,,,
transworldhome,"Bahria phase 8, sector L, Rawalpindi service available?",,,
transworldhome,üòçüòç,,,
transworldhome,üòçüòçüòç,,,
transworldhome,great,,,
transworldhome,Very very slow expansion,,,
transworldhome,Wow ü•∞,,,
transworldhome,"When will you start your services in Dera Ismail khan, KPK ???",,,
transworldhome,Malik Fayaz Hussain Chheena No ETA can be given at this time. Hope to serve you soon!,,,
transworldhome,Aman Tareen,,,
transworldhome,I hope everything from Middle East destinations will work fine after maintenance.,,,
transworldhome,Agreed with Waleed Hassan,,,
transworldhome,People have unlimited tv connections in Rs.300 why would they wanna bound,,,
transworldhome,Did give distribution rights to someone in state life Housing Society Lahore or not ?,,,
transworldhome,What about services availability in Phase-8 DHA Karachi,,,
transworldhome,Apologies but our services are currently not available in the desired location. Hope to serve you soon!,,,
transworldhome,Available in dha phase 5?,,,
transworldhome,Why aren't your TV services available in DHA Phase 1? Transworld Home,,,
transworldhome,Quetta ?,,,
transworldhome,Walton road lhr?,,,
transworldhome,Apologies but our services are not available in the desired location.,,,
transworldhome,Lahore areas,,,
transworldhome,Not user friendly device you are giving.,,,
transworldhome,Waqar Ahmad,,,
transworldhome,G.johar me service available he?,,,
transworldhome,"I need a remote, from where I can get?",,,
transworldhome,What are the connection charges?,,,
transworldhome,3 tvs? How about one remote.,,,
transworldhome,which Area's your services,,,
transworldhome,Salman Irshad Not currently. Hope to serve you soon!,,,
transworldhome,Can u plz send details only tv or interenet connection too?,,,
transworldhome,Internet connection is mandatory for you to avail TV services.,,,
transworldhome,Transworld Home if we just require one what will be the charges?,,,
transworldhome,What will u change in the maintenance from 11-20 oct?,,,
transworldhome,Again back to pathetic slow speed issues,,,
transworldhome,Pl send me transword home head office islamabad contact number and email id,,,
transworldhome,Is that service available at bahria town Karachi,,,
transworldhome,Is ur service stared at Shah jamal Lahore..?,,,
transworldhome,Do you have any server or portal for downloading softwares. movies etc,,,
transworldhome,great cricketer died only at 59 RIP,,,
transworldhome,Great human being may his soul RIP,,,
transworldhome,üò¢üò¢,,,
transworldhome,RIP,,,
transworldhome,Satisfied as it's the best service provider with small issue but still in top few,,,
transworldhome,What service??? Internet has been down for 3 days and your stupid company seems completely unable to resolve it. 15th complaint in 1 month. Incompetent idiots.,,,
transworldhome,Your rates are too high,,,
transworldhome,Amazing service,,,
transworldhome,Is Transworld offering landline?,,,
transworldhome,Is this offer still valid??,,,
transworldhome,Shitty internet shitty service no customer service.. my internet connection is not working from past 5 days and Everytime I call they make a excuse that it will be fixed within next 12 hours but here I am 5 days no response.. sham on you Transworld !!!!,,,
transworldhome,Your service area?,,,
transworldhome,Using this package and getting great speeds constantly,,,
transworldhome,Three days internet not working nobody attending the complain,,,
transworldhome,Khurram Shaikh Apologies for the inconvenience. Please inbox us your customer ID with details on the issue.,,,
transworldhome,ever no Internet connection since 3 days called your help line numerous times but no response till now pathetic,,,
transworldhome,faisalabad,,,
transworldhome,I am using Transworld Internet & TV Connection last one month my TV Device is not working made so many complains but no one interested to entertain my complain my last complain number was 373106 and they did not consult with me and showing status it's resolved.,,,
transworldhome,Same here,,,
transworldhome,Prize net pakgs,,,
transworldhome,Planning to move to some other service,,,
transworldhome,"Lousiest Call center service, am a user & planning to switch because of non-responsive call center & after sales support üòû",,,
transworldhome,Hasnain Quettawala Your request has been forwarded to the concerned teams and will be catered to on priority. Apologies for the inconvenience caused.,,,
transworldhome,Is this offer still valid ? What about two TVs?,,,
transworldhome,"Yes, it's still applicable.",,,
transworldhome,charges for 1 tv are on very higher side,,,
transworldhome,Service available in Faisalabad ???,,,
transworldhome,"When are you starting service in statelife housing society? Saw your staff laying cables last week, call the helpline to get a connection but they were not aware.",,,
transworldhome,"Abdur Rehman For coverage details, please visit our website

www.transworld-home.com",,,
transworldhome,I am living in Banker Town Near State Life Society Lahore is it service available there,,,
transworldhome,"Sammar Abbas For coverage details, please visit our website

www.transworld-home.com",,,
transworldhome,When transworld is expected to start their service in Wapda Town Lahore ?,,,
transworldhome,Kamran Liaquat apologies but no ETA can be given at this time.,,,
transworldhome,Can pay bills here in z block ???,,,
transworldhome,"Ali Yahya Yes, you can.",,,
transworldhome,"Gulistan-e-Jauhar, Block-08, Karachi ?",,,
transworldhome,Very slow in expanding services to more areas n cities,,,
transworldhome,Plz open one in dha Karachi near 26th street,,,
transworldhome,congrats,,,
transworldhome,Congrats Lahore and TES... I wish they will do something for Karachi.. At least anyone can easily contact them..,,,
transworldhome,Congratulations üëçüèªüëçüèª,,,
transworldhome,Zohaib Khan,,,
transworldhome,Can you livestream english,,,
transworldhome,AoA how can we pay bill when last day is today I.e. Sunday,,,
transworldhome,Rai Naeem Qaiser Please call our helpline at 111 837 837 for immediate assistance on the matter. Thank you!,,,
transworldhome,"Your service is pathetic, I have over 3 connection SME and home user but your call center number never responds, service is slow.",,,
transworldhome,Hassan Ali this is to inform you that your issue has been escalated to be resolved on priority.,,,
transworldhome,"11th day without internet. Daily emails and calls. No one listening in Karachi. Worst customer service.
No need of physical cs spaces when you cannot handle existing customers",,,
transworldhome,"Apologies for the inconvenience, Bilal Ahmad. Please mention your customer ID so your we can look into the issue you're facing on priority.",,,
transworldhome,Existing customers suffering from bad mangement no respose from helpline and here cakes are served wao Transworld Home.,,,
transworldhome,üë®üèª,,,
transworldhome,Very Amazing great Awesome love it.. üòçüòçüòçüòòüòòüòòüëëüëë‚ù§‚ù§‚ù§‚ù§,,,
transworldhome,"Kia Army b chnge h gi like FBR dept.?
Can Army save she'rag via kashmr.?
PTI & Army on 1 page = Muk'muka.?
RIAS'T e MADINA via Play Boy .??
Pinky's umra wd 2 husband fr 2 nite.?
QAB'ZAA MAFIA via BUN'EE GALA.??
Nab's Helicopter case via KPK.??
Money Laundring via C'lai machine.??
Champion of U-Turn = Munaf'iq.??
TA'LIAN e TA'LIAN.!!!
JAGOO ""KHILA'YIO"" JA'GOO.!!!I",,,
transworldhome,P,,,
transworldhome,Great üëå,,,
transworldhome,Amazing yr,,,
transworldhome,Great,,,
transworldhome,Salute,,,
transworldhome,PAF Proud of you. Sky is the limit.,,,
transworldhome,"Such a brilliant performance , I salute the brave sons love you",,,
transworldhome,I,,,
transworldhome,Muhammad Ameer,,,
transworldhome,Super,,,
transworldhome,such a nice trbute to pak armed mtyers,,,
transworldhome,"My salute to all shahada of Pak Army and civilians of 6/9/1965.
A blessed day in Pakistan history.
Thank you Allah!",,,
transworldhome,Good luck,,,
transworldhome,Mashallah Grate................................ üíïüíï,,,
transworldhome,T,,,
transworldhome,Malik Suleman,,,
transworldhome,We salute the brave sons of soil.,,,
transworldhome,Excellent.solute to all matayers of armed forces,,,
transworldhome,Obaid Ali Khan,,,
transworldhome,I want to go on listening to this beautiful rendition,,,
transworldhome,"We will never ever forget your testimony, your sacrificesü•∫üòì‚úäüáµüá∞",,,
transworldhome,Great!,,,
transworldhome,Greatüò¢üò¥,,,
transworldhome,Xxx,,,
transworldhome,Isi,,,
transworldhome,Good Pak fog,,,
transworldhome,superb,,,
transworldhome,Akhtar Karimi,,,
transworldhome,"Such a brilliant performance , I salute the brave sons love you‚ù§Ô∏è‚ù§Ô∏è‚ù§Ô∏è‚ù§Ô∏è‚ù§Ô∏è‚ù§Ô∏è",,,
transworldhome,TARAK FSOKJB,,,
transworldhome,Asad Khan Taran,,,
transworldhome,üëçüèªüëçüèª,,,
transworldhome,Nice..üëå,,,
transworldhome,Super music.,,,
transworldhome,Amazing performance,,,
transworldhome,Worst service ever,,,
transworldhome,123...üòÇüòÇüòÇ,,,
transworldhome,Verygood,,,
transworldhome,Well done guyz,,,
transworldhome,So satisfying‚ô•Ô∏è,,,
transworldhome,Really heart touching,,,
transworldhome,Very wldon,,,
transworldhome,üíöüíöüíöüíöüíöüíöüíöüíöüíöüíöüíöüíöüíö,,,
transworldhome,Nice.....,,,
transworldhome,Emraan Rao Emraan Rao,,,
transworldhome,Great job Trans world.,,,
transworldhome,Good g,,,
transworldhome,üïã,,,
transworldhome,Proud of Christian God bless you,,,
transworldhome,Superb,,,
transworldhome,Faiz Muhammad,,,
transworldhome,Nasir Khan,,,
transworldhome,Outstanding,,,
transworldhome,Great üåπ,,,
transworldhome,Nice bro's,,,
transworldhome,Muzmilali Shaikh,,,
transworldhome,GREAT ZINDABAD,,,
transworldhome,Very beautiful sog,,,
transworldhome,Very beautiful soing so nice God bless you son,,,
transworldhome,Please support me,,,
transworldhome,God bless both of u.,,,
transworldhome,I love Pakistan ‚ô•Ô∏è‚ù£Ô∏è‚ù§Ô∏èü•∞ü•∞ü•∞,,,
transworldhome,Abid Abid,,,
transworldhome,Fantastic,,,
transworldhome,Just ....wow,,,
transworldhome,Lovely,,,
transworldhome,Nice yar,,,
transworldhome,Memon Mohammad Ali Apologies for the inconvenience. Please be informed that your complaint has been escalated for resolution.,,,
transworldhome,Pathetic Customer Service I ternet not working since last 30hrs have called many times my complaint no is 337401 service team is reluctant to solve my problem. .pls solve my orib at earliest else I am escalating is to PTA,,,
transworldhome,Wasiq Imran apologies for the inconvenience. Your complaint has been escalated to be resolved on priority.,,,
transworldhome,Lahore gulberg 3,,,
transworldhome,Your OTC IS HIGH,,,
transworldhome,You can opt for Tru Internet for All offer in which you don't have to pay the OTC.,,,
transworldhome,hyderabad?,,,
transworldhome,"Our services have been down for the past 5 days...
complain #303691..
Instead of getting new customers, try keeping your old customers happy... it should not take 5 days to fully solve a problem.",,,
transworldhome,Apologies but our services are currently not available in the desired location.,,,
transworldhome,Taha Nadeem,,,
transworldhome,Wapda town Lahore??,,,
transworldhome,ÿπÿ®ÿßÿØ ÿßŸÇÿ®ÿßŸÑ Sajid Jabbar,,,
transworldhome,How is it for the gaming? And is it available in Peshawar?,,,
transworldhome,Ismail Shah Apologies but we aren't available in the desired location.,,,
transworldhome,Sumaiya Qasim Lawai,,,
transworldhome,I have applied for a new connection since August 15th and your deployment team hasn't contacted me yet!,,,
transworldhome,Waqas Hayat Thank you for cooperating with us. Your complaint has been forwarded to our support teams. They will contact you soon for the resolution of your query.,,,
transworldhome,GARDEN EAST KARACHI?,,,
transworldhome,Serfraz Almani,,,
transworldhome,Is it available in Bahria Town Karachi,,,
transworldhome,"For complete details on coverage in Karachi, please visit this link:

www.transworld-home.com/coverage/Karachi",,,
transworldhome,do u offering at chakri road RWP?,,,
transworldhome,Muhammad Nadeem Mughal apologies but we aren't available in the desired location.,,,
transworldhome,Monthly charges?,,,
transworldhome,Fayyaz Ul Haq,,,
transworldhome,"Excellnt promotion
I wish my ISP give this kind of offer",,,
transworldhome,I have 10 plus 10 offer can I avail this offer,,,
transworldhome,This offer is only for base plan 20 and 30 Mbps. You can upgrade your package to 20 Mbps base package and pay 3 months advance to avail 50 Mbps speed.,,,
transworldhome,Anas Naeem,,,
transworldhome,Good job,,,
transworldhome,Fakhar Sameer,,,
transworldhome,Ilove you rashid minhas,,,
transworldhome,Sardar Khalid,,,
transworldhome,Love you vhero,,,
transworldhome,Lal Zaman Tanoli,,,
transworldhome,Z-Shan Khan bro I strongly recommend u to try this service.. undoubtedly the best in town,,,
transworldhome,Thank you for the positive feedback!,,,
transworldhome,Excellent Service ü§©,,,
transworldhome,what is portal site dear..,,,
transworldhome,datail plz,,,
transworldhome,"Please visit our website for all package and coverage details.

www.transworld-home.com",,,
transworldhome,Wow beauty i love Pakistan,,,
transworldhome,"Well composed, well sung !! üëç",,,
transworldhome,Song very good senery very good hair style very bad,,,
transworldhome,lovely really,,,
transworldhome,786.and.soper.and.nice,,,
transworldhome,Zaberdast songs,,,
transworldhome,Duaa Kamran Khan,,,
transworldhome,Nasurljan Khan,,,
transworldhome,Mansoor Ahmed Vohra,,,
transworldhome,Very nice video,,,
transworldhome,Nabila de Winter,,,
transworldhome,Tahir Parwaz,,,
transworldhome,Tasneem Shaheen,,,
transworldhome,Sajid Ali,,,
transworldhome,V v nice...,,,
transworldhome,Mohd Jahangir,,,
transworldhome,Nyc,,,
transworldhome,Suhailkhan Suhail,,,
transworldhome,welldone,,,
transworldhome,Ahmad Khan,,,
transworldhome,Nice song,,,
transworldhome,03452663779,,,
transworldhome,Faqeer Saien,,,
transworldhome,Well done proud of you Qurram üòçüòçüòç,,,
transworldhome,Beautiful,,,
transworldhome,Very nice,,,
transworldhome,Original is original.....,,,
transworldhome,"ThankYou for this speedtest website ü§©üòç
https://transworld-home.speedtestcustom.com/",,,
transworldhome,Funhub.pk website is not working any solution I'm transworld user,,,
transworldhome,Give dattailes of ur package,,,
transworldhome,"Imran Banka Please visit our website for package details.

www.transworld-home.com",,,
transworldhome,Kindly confirm the service is available in Data Gunj baksh town ??,,,
transworldhome,Excellent Service üòçü§©,,,
transworldhome,What is connection carges for TV cable,,,
transworldhome,Shayan Yousuf,,,
transworldhome,"50mb means 50mb upload 50mb download , Transworld you are beauty , loving the offer , please lower the rates for IPTV 600+ tax for one tv is too much expensive",,,
transworldhome,Abid Hussain you can opt for our 3 TV for Rs 999 offer.,,,
transworldhome,Any movies server if this internet?,,,
transworldhome,Offer is attractive but Transworld is limited to few areas. They expand their services to other cities,,,
transworldhome,Salman Khan Please inbox us your complete address along with your contact details.,,,
transworldhome,"best offer, best internet services",,,
transworldhome,"Really disappointed in transworlds service recently , it has been 2 days and my internet is out of order , called your helpline for the past 2 days and get the same answer that the team is in field and will contact me to resolve the issue ..... God knows what is your team doing and what is taking them so long to contact me and rectify the problem.",,,
transworldhome,expand your coverage in khi,,,
transworldhome,I am not getting exactly 50mbps. It's hovering around 40-45 Mbps.,,,
transworldhome,"So, I can raise your concerns to the relevant teams and expedite its resolution.",,,
transworldhome,How can i creat a customer id?,,,
transworldhome,Hi i need your services can anyone contact me 03035552227,,,
transworldhome,Arif Hussain,,,
transworldhome,Rawalpindi me v lunch karan please,,,
transworldhome,Price,,,
transworldhome,Your network is very poor for gaming,,,
transworldhome,Jahanzaib Chauhan,,,
transworldhome,you guys didn't mention your channel list anywhere,,,
transworldhome,Very poor service,,,
transworldhome,Muhammad Anwer,,,
transworldhome,Is this available in bannu,,,
transworldhome,Give us extra speed for all 3 days of EID,,,
transworldhome,Bahria 8 sector L Rawalpindi service requested,,,
transworldhome,"Khalid Ikram Please visit our website for coverage details.

https://transworld-home.com/coverage",,,
transworldhome,üëçüëç,,,
transworldhome,Packages and service areas for Karachi please.,,,
transworldhome,"Smh Rahman Please visit our website for package details.

www.transworld-home.com",,,
transworldhome,Are your service available at Johar Town A2 block,,,
transworldhome,do this offer valid for 10mbps users as well,,,
transworldhome,"No, this offer is only valid for 20 and 30 Mbps connections. But you can upgrade your connection from 10 Mbps to 20 Mbps and get an additional 10 Mbps on top of that for free! For details, please call 111 837 837.",,,
transworldhome,"Are you guys available in F-Block Satellite Town , Rawalpindi",,,
transworldhome,"Abdullah Faisal Please visit our website for coverage details.

https://transworld-home.com/coverage",,,
transworldhome,"very good offer , thanks transworld , loving it",,,
transworldhome,Extended your services to more cities,,,
transworldhome,Good work,,,
transworldhome,Waqas Tahir,,,
transworldhome,Excellent deal,,,
transworldhome,Model colony ma service hy?,,,
transworldhome,Any plan for launching services in Peshawar,,,
transworldhome,Are your service available at GULSHAN RAVI LAHORE,,,
transworldhome,That‚Äôs a lie,,,
transworldhome,Qamar Mughal,,,
transworldhome,no bhai best internet ever i used transworld,,,
transworldhome,Are your service available at Punjab Small Industries Housing Society,,,
transworldhome,Farhan Bin Ashfaq Sorry but not available in the desired location.,,,
transworldhome,Is your service in H Block Sabzazar,,,
transworldhome,Ali Chaudhry Sorry but our services aren't available in the desired location.,,,
transworldhome,Is it in Shah Jamal naer Ichra police station?,,,
transworldhome,Toqeer Hussain Apologies but our services aren't available in the desired location.,,,
transworldhome,Behind LUMS University,,,
transworldhome,Ali Hussain,,,
transworldhome,Waiting for 3 days for deployment team to deploy the connection at my place. All I am experiencing is miscommitment and poor customer onboarding process.,,,
transworldhome,Need 50 mb in khanewal,,,
transworldhome,Total bill price of 20 mbps connection,,,
transworldhome,Service available in site area sher Shah colony,,,
transworldhome,Just got my 20mbs connection today with additional 10mbs free! Getting perfect speed. Lets see how it goes,,,
transworldhome,"It was good in the begining but now same as the others no speed, multiple disconnections from phase 4",,,
transworldhome,Asif Malik Thank you for sharing the required details. Someone from our support teams will get in touch with you.,,,
transworldhome,why not in Askari 11 ?,,,
transworldhome,Its best üëç,,,
transworldhome,Worst technicall team which cannot even install a wire no uniforms no sops followed for covid-19,,,
transworldhome,"No reply received for Sector L, Bahria Town phase 8, Rawalpindi",,,
transworldhome,Khalid Ikram Apologies but our services aren't available in the desired location.,,,
transworldhome,"Shukar hai, its still undoubtedly the fastest in phase 2",,,
transworldhome,Please extend your excess to eden cottages its 2 min drive from Dha phase 1,,,
transworldhome,No doubt the best,,,
transworldhome,"State life society, near DHA 4 please",,,
transworldhome,Plz extend your services to more cities,,,
transworldhome,üëç,,,
transworldhome,I wish i could avail this offer but unfortunately no services in my city,,,
transworldhome,Why you guy's are providing NAT type strict... v.bad connection for gaming...,,,
transworldhome,Gr8 offer,,,
transworldhome,Ali Yahya,,,
transworldhome,Available in Peshawar?,,,
transworldhome,Ahmad Kh Sorry but our services aren't available in Peshawar.,,,
transworldhome,Available at 275 jb painsera Faisalabad,,,
transworldhome,Available in Pak Arab Society lahore?,,,
transworldhome,Sufyan Ali Apologies but our services aren't available in the desired location.,,,
transworldhome,‚òª,,,
transworldhome,Entertainment portal?,,,
transworldhome,Are you available in Rawalpindi ??,,,
transworldhome,"Azhar Naazir Our services are currently only available in Karachi, Lahore and Islamabad.",,,
transworldhome,Very Reasonable,,,
transworldhome,"Sir,
I made a payment of three months in against of promotion of 50GB/S and I received a message of confirmation when I checked the speed I didn't get the same speed as they said.
The speed of my internet is same as before it didn't change. Kindly forward my complaint and make me updated. I have send screen shot of internet speed in your WhatsApp number also from my registered number kindly go through it.
I am also attaching the confirmation message which I received in against of my payment.

""Thank you for your payment of Rs. 8064 on July 11, 2020. Now pay your bills via Credit/Debit cards using Transworld Home Self-Care portal, Easypaisa and Jazz Cash""

Kind Regards,
Muhammad Anwar Zaib Khan",,,
transworldhome,"Muhammad Anwar Zaib Khan
Thank you for sharing. Our support team will get in touch with you soon!",,,
transworldhome,Can u please share HD channrl list of Karachi,,,
transworldhome,Can I get a listing of your channels,,,
transworldhome,Please expand your service in gulberg A3,,,
transworldhome,Nadeem Asghar,,,
transworldhome,Customers care services 0 hy,,,
transworldhome,Expand your services to more cities,,,
transworldhome,Any info on when it can be available in Phase 6?,,,
transworldhome,No ETA can be given at this time but our teams are working hard to get everyone connected.,,,
transworldhome,So far so good,,,
transworldhome,Broadbands Service with no coverage. Funny.,,,
transworldhome,Farhan Ahmed Butt,,,
transworldhome,Askari 11?,,,
transworldhome,30 or 40 mbps price,,,
transworldhome,Kindly mention your complete address.,,,
transworldhome,Walton lahore??,,,
transworldhome,Apologies but not available in the desired location.,,,
transworldhome,Available in Samanabad Town?,,,
transworldhome,10Mbps price?,,,
transworldhome,You have in Sahiwal,,,
transworldhome,Khurram Anwar Apologies but we aren't available in the desired location. Hope to serve you soon!,,,
transworldhome,Basit Junejo,,,
transworldhome,Shahid Ali,,,
transworldhome,"üáµüá∞Aslam alikum all Friendsüáµüá∞
Channel monetize üíØpersund real guarantee
Permanently subs
1ooo subscribe and
4ooo hours watch time available cheap price ka sath all country contact my WhatsApp on 03123456048",,,
transworldhome,Channel list please,,,
transworldhome,Lahore chung,,,
transworldhome,"Do you issue tax certificate to you consumers which you charge every month. I requested last year, never got it. Do you have this basic capability now.",,,
transworldhome,"Assalam o Alaikum

Hope you and ur family are safe and sound and Allah forgive and protect us(Ameen).

My Name is SALMAN SALIMI From IGI LIFE Vitality INSURANCE(A Packages Group Company) .

Our offices are now open so kindly protect urself and ur family and secure financial stability through

Saving plans
Educational plans
Marriage plans,
Retirement plans
Group health insurance etc etc.

Our dedicated staff are available to protect you and ur family at your doorstep.

Regards
Salman salimi
IGI Life Insurance
03334455676
03090393939
http://igilife.com.pk/

Address: Almalik Building Davis road,lahore
03090393939/03334455676",,,
transworldhome,"Highly disappointed by Transworld Home Customer they never read your email properly and never respond with the proper answers i have asked a question ""if i wish to cancel how it will work?"" and they answered me that what is the reason for your cancellation. I have requested temporapy disconnection for 3 months on 9th April and they charged me till end of April as i have requested the disconnection in a mid of the month and now when i asked them to extend this 3 months more they said i have to pay the around 1 month 2700 and when i have asked them if i will cancel they are asking me that this cancellation requested will take effect from 31st of July which means again they are asking me to pay for the service which i will not use ü§¨ü§¨ and they are fraud they even told me when i took connection that it is free but later they charged me extra for the cable and i have waisted many days making complaints for 400 to 500 rs but never get any result our of it !! POOR CUSTOMER SERVICE !!",,,
transworldhome,Zuhair Khan Apologies for the inconvenience. Please mention your customer ID so I can escalate the issue.,,,
transworldhome,Sadiq,,,
transworldhome,Only cable or with internet?,,,
transworldhome,Sufyan Khalid Internet is mandatory for this offer.,,,
transworldhome,Shahid Channa,,,
transworldhome,Waris Khan,,,
transworldhome,Peshawar me Available hai?,,,
transworldhome,"Almas Shah
Apologies but not available in Peshawar.",,,
transworldhome,Please can you share your tarrifs and packages details.,,,
transworldhome,Expand ur services to more cities,,,
transworldhome,Love thus service.,,,
transworldhome,Very good,,,
transworldhome,Is there any chance of offered services in Kabirwala city?,,,
transworldhome,Best service and good response time no doubt,,,
transworldhome,Very bad service like PTCL,,,
transworldhome,"Ali Bashir
Please mention your customer ID and someone from our support team will get back to you.",,,
transworldhome,"Transworld need to focus on network latency , network is not stable in Lahore , too many latency issues",,,
transworldhome,Apologies for the inconvenience. Please inbox us your details and we'll get it sorted.,,,
transworldhome,Also they should extend their services to other cities,,,
transworldhome,90ms ping different between StormFiber and Transworld Home on same server of CS GO in Australia. Transworld is on a higher side... previously Transworld on a lower side but it's been a month now that Transworld is way behind StormFiber.,,,
transworldhome,"pathetic ping, useless helpline and constant disconnections ...focus on improving your service instead of pointless social media advertisements",,,
transworldhome,"Zeerak Sikander
Apologies for the inconvenience. Please inbox us your issue along with your customer ID and we'll get it sorted.",,,
transworldhome,Happy father day.I love my dad and part of life strong true hero.,,,
transworldhome,"Happy father day
üíûüíûüíûüíûüíûüíû",,,
transworldhome,Fiber Optic Solutions Provider - Sun Telecom,,,
transworldhome,Plz expand your services to more cities,,,
transworldhome,Cards price list?,,,
transworldhome,üíî,,,
transworldhome,Iptv box me applications install hoti hai like kodi player facebook wagera ?,,,
transworldhome,Is it available in E1 Johar Town?,,,
transworldhome,Iptv box me applications install hoti hai like kodi player facebook etc ?,,,
transworldhome,Plz expand your servicea to more cities,,,
transworldhome,"Transworld has no respect for their customers. CSD just keep on telling lies to customer.
I have been complaining for 10 days but still no response from feild staff. I ordered a new connection for my home with tv box. connection was installed on 9th June and after that I have called them several times wasting my mobille balance",,,
transworldhome,Call : 0300 0452479,,,
transworldhome,"20 mbps 3000+text
Total 3950/-",,,
transworldhome,How much charges ?,,,
transworldhome,Service available in multan,,,
transworldhome,"M Zafar Baloch
Apologies but currently we aren't available in the desired location.",,,
transworldhome,Installation RS Free,,,
transworldhome,Entertainment web portal?????,,,
transworldhome,Lower package kon sa hy,,,
transworldhome,Please come on Gulberg,,,
transworldhome,100mb required 0301-9081893,,,
transworldhome,YOUR SERVICE IN GARDEN EAST ?,,,
transworldhome,Apologies but currently we aren't available in the desired location. Hope to serve you soon!,,,
transworldhome,Best service no doubt,,,
transworldhome,"Atif Ikram
Thank you for the kind words!",,,
transworldhome,when is it gonna be in misrial road plzz resopnse???????,,,
transworldhome,"Our teams are working constantly to expand our coverage areas, but no ETA can be given at this time regarding availability.",,,
transworldhome,I have a 30mbps transworld connection but it gives a 1mbps download speed instead of the 3mbps it should be giving. And games lag a lot while playing online even though i have nat type 2. Previously experience was a lot better but for the past 2 months its been bad. Please fix this,,,
transworldhome,Could you first please stop overbilling your existing customers?,,,
transworldhome,Fariha Akhtar Mangi Please accept our sincerest apologies on the matter. Please mention your customer ID so that the issue can be further escalated to the relevant departments.,,,
transworldhome,So disappointed with your service its been 2 months my internet is not working,,,
transworldhome,Please send an email to csd@tes.com.pk from your registered email address or inbox us directly and we'll look into the matter.,,,
transworldhome,i did refer my cousin but it was told her this scheme has ended so keep it up with fake promotion,,,
transworldhome,"Atif Ikram
Apologies for the inconvenience! Please know this offer is still valid. If you have referred a connection, please send an email to csd@tes.com.pk and we'll help sort this out.",,,
transworldhome,Please extend your coverage to Phase 6 DHA Lahore so we may spread the news.,,,
transworldhome,Now days everyone having ping issue with transworld net not matter what game you are playing pubgm fortnite cod same ping but stable 150,,,
transworldhome,Process & price?,,,
transworldhome,i have made payment of 3 months advance and currently using 20mbps. so kindly convert my package as well. 210101747,,,
transworldhome,Asad Rizwan,,,
transworldhome,@ali Ali Amir,,,
transworldhome,how do we pay 3 months advance and in how much time will the connection be upgraded?,,,
transworldhome,"Hasnain Hanif
Please send an email to csd@tes.com.pk or inbox us for support regarding the offer.",,,
transworldhome,Yousuf Zeeshan,,,
transworldhome,"How,can we may in advance as your system is not accepting it",,,
transworldhome,"Taimoor Kazi
Please inbox us with your customer ID for support.",,,
transworldhome,Azhar Hassan Baqir Bangash Wajahat Ali,,,
transworldhome,Jhelum main available hai,,,
transworldhome,Haseeb Saad,,,
transworldhome,No customers support,,,
transworldhome,Bilal Sattar Allahwala apologies for the issue not being resolved. I have escalated the issue once more.,,,
transworldhome,hase,,,
transworldhome,Service in hyderabsd?,,,
transworldhome,Service in gulberg lahore?,,,
transworldhome,"- Orders with advance payment received shall be eligible for this offer
- This offer is applicable for Residential and Retail segments across Karachi, Lahore and Islamabad",,,
transworldhome,Is it available in Gurumandir karachi?,,,
transworldhome,Is it available in garden west karachi?,,,
transworldhome,Is it available in sector g-6 islamabad,,,
transworldhome,"Uzaer Abdullah
Apologies but we aren't currently available in the desired location. Hope to serve you soon!",,,
transworldhome,Please elaborate your charges Mohsin Jan Allawala,,,
transworldhome,(y),,,
transworldhome,Can you open your branch in Kasur?,,,
transworldhome,The prepaid service hai,,,
transworldhome,YOUR INTERNET SERVICES AVAILABLE IN GARDEN EAST KARACHI?,,,
transworldhome,Apologies but our services aren't available in the desired location.,,,
transworldhome,Hammad Aftab,,,
transworldhome,180ms ping always. Lololololololol thats your definition of 'low ping',,,
transworldhome,150 ping is not a lower ping üò°ü§¨,,,
transworldhome,Yes i have 190 ping perfect üëå,,,
transworldhome,Perfect,,,
transworldhome,I have 180-200 ms ping. What am I not seeing here.,,,
transworldhome,Available in Rawalpindi?,,,
transworldhome,"Plz fix the ping it was
10 to 30ms for me last month and now its 120 to 160 ms",,,
transworldhome,"Shalom Charles Gabriel
Please inbox your complete details along with the problem you're facing.",,,
transworldhome,Only in Karachi Lahore and Islamabad. Other cities dont deserve thia service.,,,
transworldhome,What do u mean by no up front charges?,,,
transworldhome,"Hasan Faruqui
Please visit the link above. Our fully online ordering system will display the exact charges for your desired package :)",,,
transworldhome,Khawar Idrees,,,
transworldhome,INALlvERY SAD,,,
transworldhome,Salam new connection kaily process ha,,,
transworldhome,"Available in minar-e- pakistan area
Azam cloth Market lahore",,,
transworldhome,"Dear Farrukh,

Please see the details of Lahore coverage:

https://transworld-home.com/coverage/lahore/",,,
transworldhome,Paid content,,,
transworldhome,No doubt that the internets amazing but its not for gaming,,,
transworldhome,I doubt that you really care about your customer. This might be a one million customer who is actually happy by your services. Me on the other hand have been calling you from weeks and am always promised that my issue would be resolved but never is.,,,
transworldhome,"Faisal Fatani
Please accept our sincerest apologies for the inconvenience. Please inbox us the issue you're facing along with the customer ID and we'll expedite it's resolution.",,,
transworldhome,I need an email id of transworld for complaining ping issue facing since a month,,,
transworldhome,"Darakhshan Khan
You can send an email to csd@tes.com.pk with details on your issue.",,,
transworldhome,I am having Nat type 3 problem in my PS4 can you resolve this issue ?,,,
transworldhome,"Qaiser Lodhi
Please inbox us the issue you're facing along with customer ID.",,,
transworldhome,What about installation charges ??,,,
transworldhome,"Muhammad Ahsan Khan
There are no installation charges when you opt for Tru Internet for All package.",,,
transworldhome,"Can u put Google DNS, 8.8.8.8 and 8.8.4.4 in my ONT. I'm requesting you last time. We pay for your internet we are not using free service. So it's your responsibility to do something for customers.",,,
transworldhome,Askari 11 lahore,,,
transworldhome,Apologies but we aren't providing services in the desired location right now. Stay tuned for updates on our social media!,,,
transworldhome,Shame on you fraudulent organisation. You assholes have taken my money under false pretext and now acting smart. My name is Mansoor Ahmed ID:210107343,,,
transworldhome,Please accept our sincerest apologies. I have escalated your query to the concerned management.,,,
transworldhome,"Its still a big upgrade from going to HBL to deposit funds.

Been with transworld since the beginning so I appreciate the effort. Good job!",,,
transworldhome,"Javaid Iqbal as they say...

When u identify a problem you help them fix it too. Please help them and ur right it's a big problem with the digital payment...

Trans world is providing digital entertainment and internet experience but have a lousy digital payment mechanism

Pls use javaids expertise to get consultancy.....
# transworld",,,
transworldhome,Sheikh Fassee Anwer,,,
transworldhome,"A badly designed self portal. 1) It does not have a credit card option (only jazz cash and easypaisa). 2) The credit card option is hidden inside jazz cash (I had to call customer service and ask) 3) There is a Current Balance field and an Amount field. The current balance field has decimals but the account field doesn't allow it. 4) Session expires in 120 seconds. (It takes a while for a normal pakistani to find their card, read the number, input the card in, enter the information and complete the transaction). It should be 4-5 minutes. Please hire someone to help you with the UI/UX of this portal.",,,
transworldhome,"Javaid Iqbal
Thank you for sharing your valuable feedback. We are constantly optimising the experience for our customers. This feedback will help us further improve our offerings.",,,
transworldhome,"I found paying online very convenient, every step is mentioned in the e mail. It's not difficult at all.
I'm paying online from last 2 months from my credit card.
Thumbs up, keep it up",,,
transworldhome,"- Orders with advance payment received shall be eligible for this offer
- This offer is applicable for Residential and Retail segments across all three Regions",,,
transworldhome,"Best internet services in town, no disconnection, no speed issues. THE BEST
If you want to get a connection you may contact Mr Daud (03214784385)
He is your guy if you want to get an instant connection.",,,
transworldhome,Availability in Gulberg 3 Lahore..,,,
transworldhome,Available in Federal B Area Block 4 Karachi?,,,
transworldhome,"I‚Äôm using it at my 2 homes
In Lahore to be honest Tranworld is the best in the town üëåüèª",,,
transworldhome,"Thank you for the kind words, Daud!",,,
transworldhome,Charges for 10mbps (plus 2 TVs) in DHA Phase 3 Lahore?,,,
transworldhome,Huzaifa Sheikh,,,
transworldhome,Sana Tahir online order kerlou,,,
transworldhome,Raheel Khatri Hammad Ahmed Khatri,,,
transworldhome,Is this valid for 100 mb,,,
transworldhome,"Qazi Wali Mohammad Rajar
Yes.",,,
transworldhome,"Kindly provide disxounts and offers on First time cost (12,000)",,,
transworldhome,"Muhammad Mehmood Ahmed
You can opt for Tru Internet for All promotional offer. There are are no upfront charges and Ramadan Fiesta offer applies to that as well.",,,
transworldhome,Can you please specify the area?,,,
transworldhome,where is detail of combined packages ???,,,
transworldhome,"Abid Hussain
You can view the details here:
https://transworld-home.com/tru-offering/free-for-all/",,,
transworldhome,Askari 11 lahore ?,,,
transworldhome,Salute to all workers,,,
transworldhome,Amazing service appreciate your work,,,
transworldhome,What about my connection for which payment was made around 20-25 days ago????????,,,
transworldhome,"Abdul Rehman
Dear Mr. Abdul Rehman,
Your concern was escalated. Please accept our sincerest apologies for the delay.",,,
transworldhome,Salute to all workers.,,,
transworldhome,Transworld is Best (y),,,
transworldhome,"M.waqas Maqbool
Thank you!",,,
transworldhome,"First launch your service nationwide then advertise on these platforms.
btw your service is not available in my area.",,,
transworldhome,"What will cost to call PTCL Landline number?

Is incoming calls from anywhere will free of cost?",,,
transworldhome,"Yawer Abbas
You can view the complete tariff in the link below:

https://transworld-home.com/tru-offering/tru-voice/packages/#",,,
transworldhome,Transworld Home is 100% fraud. I was stupid enough to believe their sales man (read conn man) and deposit for new connection. For 15 days they have been giving me lame excuses. Anyone reading this do yourself a favor and go for Storm Fiber. Simply no comparison.,,,
transworldhome,Is it available in super highway ?,,,
transworldhome,Check your mail inbox,,,
transworldhome,Do there is any entertainment portal of transworld like other internet service providers,,,
transworldhome,"Shoaib Sheikh
No ETA can be given at this time. Stay tuned for updates on our social media :)",,,
transworldhome,"When are you coming to Bahria town phase 8, Sector P?",,,
transworldhome,No ETA can be given at this time. Stay tuned for updates!,,,
transworldhome,What about existing customers?,,,
transworldhome,"Usama Kayani
They will revert back to their original speeds.",,,
transworldhome,Fix your internet speed and Latency please,,,
transworldhome,"Awais Akram
Sorry for the inconvenience. If you're facing an issue with your connection, please inbox us and we'll help you get sorted.",,,
transworldhome,Not good for gaming,,,
transworldhome,Arsal Rauf,,,
transworldhome,When will you procure the required equipment to start giving TV connections in DHA Islamabad again? I‚Äôve been waiting for 4 months,,,
transworldhome,Wow good,,,
transworldhome,Excellent service üëç,,,
transworldhome,Great work done,,,
transworldhome,"Muhammad Badar
Thank you!",,,
transworldhome,Transworld Home Kindly check your mail inbox,,,
transworldhome,"Provide everyone NAT Type 2, We all are paying too much amount for internet and u guys are still providing NAT Type 3 even other ISP's in Pakistan are providing NAT Type 2 in lower prices. Atleast give us NAT Type 2 for free your old policy was good but the new one is trash.",,,
transworldhome,Same request from my side too,,,
transworldhome,What about fup of Unlimited internet,,,
transworldhome,Transworld is offering Consumer Internet bandwidth with no volume cap or download limit presently. However FUP (Fair Usage Policy) as per rules and regulations of Pakistan Telecommunications Authority (PTA) are applied.,,,
transworldhome,Is this support polycom?,,,
transworldhome,Transworld Home,,,
transworldhome,Best services in Pakistan,,,
transworldhome,Pakistan Awesome superb Internet service best speed,,,
transworldhome,"Daniel Peter
Thank you for the positive feedback!",,,
transworldhome,Stay safe and awesome internet speed (y),,,
transworldhome,Pakistan worst internet service,,,
transworldhome,Apologies for the inconvenience. Can you please elaborate on the issue you're facing?,,,
transworldhome,What is entertainment web portal server address????,,,
transworldhome,In our area some ppl r providing transworld services on high price like in Rawalpindi they r offering 3mb per month for 1k no other option. R not they chrging high price?,,,
transworldhome,Sir Hyderabad me Transworld ki bht complains hain kindly support say haat kr app log ground pr akr consumers ko relief dain .Hyderabad ka visit kren,,,
transworldhome,Keep the flag high,,,
transworldhome,Muhammad Shafiq Chaudhry,,,
transworldhome,Best of luck,,,
transworldhome,"Muhammad Nawaz Ashraf
Thank you!",,,
transworldhome,Great team. Zabardas,,,
transworldhome,Thank you!,,,
transworldhome,Rashid MahmoodTalha RajpotBasit Sheikh,,,
transworldhome,üòÄüòÑüòÄ,,,
transworldhome,Excellent !!,,,
transworldhome,Great work,,,
transworldhome,"Muhammad Omer Raza
Thank you for positive response!",,,
transworldhome,To much disconnecting...,,,
transworldhome,Apologies for the inconvenience. Please inbox us your customer ID along with the issue you're facing.,,,
transworldhome,Hats off to the team,,,
transworldhome,"Baghbanpura Lahore
any plan for here ???",,,
transworldhome,"√Å…ìd√∫l ≈î√° ë ë√°k
We are constantly expanding our coverage. Currently, no ETA can be given for the desired location. Hope to serve you soon!",,,
transworldhome,Mubashar Satti Satti,,,
transworldhome,ANY PLAN TO COME GARDEN EAST KARACHI,,,
transworldhome,"Faisalmemon Iqbal
No ETA can be given at this time. Stay tuned for updates on our social media.",,,
transworldhome,Adeel Shahzad,,,
transworldhome,Any plan to come sialkot,,,
transworldhome,"Haseeb Sheikh
Currently, no ETA can be given. Stay tuned for updates on our social media!",,,
transworldhome,The most poor services. The net always keeps on disconnecting.,,,
transworldhome,Haroon Atif Apologies for the inconvenience. Please inbox us customer ID along with the issue you're facing and we'll gladly help sort it out.,,,
transworldhome,good,,,
transworldhome,"Use Cloudflare DNS Server.
Primary: 1.1.1.1
Secondary: 1.0.0.1
https://one.one.one.one/",,,
transworldhome,Excellent Service thumbs up TES,,,
transworldhome,good üñí,,,
transworldhome,Our pride .... keep it up,,,
transworldhome,"Transworld ki wireless device bhi ha?

If not, then plz introduce it",,,
transworldhome,Your feedback has been noted. Thank you!,,,
transworldhome,"Some Level of Cost cutting on salesmen, lol",,,
transworldhome,Daniyal Butla,,,
transworldhome,Not satisfied,,,
transworldhome,We're sorry to hear that. Can you please elaborate on the issue you're facing?,,,
transworldhome,There has been a lot of packetloss in dota 2 From the start of this year and inconsistent ping. I have contacted customer services several times and did what they said to no avail. It used to be great before this year,,,
transworldhome,"Dealership required,
I am cable operator, saddar,",,,
transworldhome,Please inbox us your request and we'll forward to the concerned teams. Thank you.,,,
transworldhome,First launch your services nationwide and then advertise in this manner.,,,
transworldhome,"Maroof Ahmed
We are working hard to make our services available for everyone. Stay tuned for updates on availability and new area launches!",,,
transworldhome,"The ping in game is crazy.
i was impressed by transworld in the first couple of months and then the quality dropped massively.",,,
transworldhome,"Waleed Shoaib Shamsi
Apologies for the inconvenience. Please inbox us the issue you're facing and we'll get it sorted.",,,
transworldhome,Fix your routing with 1.1.1.1 DNS by Cloudflare,,,
transworldhome,High ping Transworld Home,,,
transworldhome,I have subscribed for internet connection one in pechs block 2 and one in pechs block 6 and I had a Bad experience with Transworld poor customer service and their sales representative and installation team told me wrong information and charged me for installation extra cable which was never agreed by me I have refused installation when they told me there will be a charge for extra cable and then they said it ok we will not charge you and did the installation and now I have received the bill they charged me extra for the cable their sales representative never informed me that there will be extra charges for that and also it took 15 days to get the connection working and now I want to temporarily disconnected my service and they are forcing me to pay for the full month even I am not going to use it. üò°üò° I would highly suggest never trust their sales representatives. And even they charged me and did not send me the bill or any receipt . For first month .,,,
transworldhome,"Zuhair Khan
Thank you for cooperating. Your query has been escalated to the concerned departments.",,,
transworldhome,is available in lahore,,,
transworldhome,"Malik Zubair Rashid
Our services are in Lahore. Please inbox us complete address.",,,
transworldhome,Arsalan Malick,,,
transworldhome,Is it available in district rahim yar khan?,,,
transworldhome,"Mohammad Zahid
Apologies but our services are not available in the desired location. Hope to serve you soon!",,,
transworldhome,30 mb charges,,,
transworldhome,Sor ma tw line use krta tha mager fiber damage ki complain the karachi ma loaquatabad ma,,,
transworldhome,DEAR Bahria Lahore ..available,,,
transworldhome,"Suhail Ashraf
Apologies but we are currently not offering our services in the desired location. Hope to serve you soon!",,,
transworldhome,I need transworld connection in Lahore. Contact me or give me your salesperson number?,,,
transworldhome,"Haji Sajid Ali
You can inbox us your complete address and your contact information. Our sales representative will get back to you.",,,
transworldhome,Is it available in sanda lahore?,,,
transworldhome,"Shoaib Rana
Please inbox us your complete address along with your contact information.",,,
transworldhome,StormFiber,,,
transworldhome,Madni Irfan,,,
transworldhome,What about existing customers ??,,,
transworldhome,"Taimoor Qureshi
You can upgrade your package to either 20 or 30 Mbps to avail this offer. Existing customers of these packages have already been upgraded.",,,
transworldhome,New connection charges and 20Mb monthly fee,,,
transworldhome,"ÿπŸÖÿ±ÿßŸÜ ŸÇÿ±€åÿ¥€å
You can find the details for our internet packages below:
https://transworld-home.com/tru-offering/tru-internet/packages/",,,
transworldhome,Sialkot waiting,,,
transworldhome,Muhammad Qasim Haroon Hashim Nadeem,,,
transworldhome,Please send Transworld service available city,,,
transworldhome,Pkg details?,,,
transworldhome,"Muhammad Mansoor
You can view our packages by visiting our website.

https://transworld-home.com/tru-offering/tru-internet/packages/",,,
transworldhome,"Available in P&D society, canal road, lahore?",,,
transworldhome,"Adeel Wasif
Please inbox us your complete address along with contact information.",,,
transworldhome,your net is not for gaming,,,
transworldhome,Thank you for sharing your feedback. Can you please elaborate on the issues you're facing so that they can be escalated to the concerned teams?,,,
transworldhome,Is it availble in faisalabad,,,
transworldhome,Apologies but our services are not available in the desired location. Hope to serve you soon!,,,
transworldhome,Service sialkot available,,,
transworldhome,the best interview by deeno,,,
transworldhome,I truly appreciate your kindness.,,,
transworldhome,"Yousuf Lakhani
And we appreciate your words of support for our teams. Thank you!",,,
transworldhome,Excellent Work,,,
transworldhome,Good work team,,,
transworldhome,Good job üëç,,,
transworldhome,"ŸÜŸà€åÿØ ÿßÿµÿ∫ÿ±
Thank you for the positive feedback.",,,
transworldhome,Great job,,,
transworldhome,Good work team üëçüëçüëç,,,
transworldhome,"Faisal Nazim
Thank you for the nice sentiment.",,,
transworldhome,Grt work piam bhai and team,,,
transworldhome,Excellent work!!!,,,
transworldhome,Appreciated,,,
transworldhome,Please come to lyari town Karachi,,,
transworldhome,Why we need to buy static ip first to get nat type 2? Other ISP's are providing NAT Type 2 in less prices without buying a static ip. Already paying 4000+ bill with 2 tv boxes and still nat type 3 ü§¨üò°,,,
transworldhome,any Representative Here >?,,,
transworldhome,Shabbir Hussain Your query has been answered via inbox.,,,
transworldhome,Transworld movie portal name??,,,
transworldhome,I have applied many times but no response from ur side,,,
transworldhome,"Shoaib Rana
Apologies for the delay. Please inbox us your complete details and we'll forward it to the relevant teams.",,,
transworldhome,Come to EDEN LANE VILLAS 2 and LAKE CITY,,,
transworldhome,avalaible in kot lakhpat peco road,,,
transworldhome,Available in Rawalpindi or not??,,,
transworldhome,"Please see our coverage details from the link below:

https://transworld-home.com/coverage/",,,
transworldhome,Come yo saddar area,,,
transworldhome,Transworld is best,,,
transworldhome,Come to bahria town karachi,,,
transworldhome,Not in my society in Lahore. ‚òπÔ∏èüò≠ü§î,,,
transworldhome,pubg ping ratio ?,,,
transworldhome,I love PTCL due to its low setup cost,,,
transworldhome,"Sayigh Masumi
Transworld Home has no upfront charges. You can view the details from the link below:

https://transworld-home.com/tru-offering/free-for-all/",,,
transworldhome,WORST INTERNET AND CUSTOMER SERVICES EVERRR,,,
transworldhome,worst service in hyderabad....,,,
transworldhome,"Dear Sameer,

We are only available in Karachi, Lahore and Islamabad. For details on our coverage area, please visit the link below:

https://transworld-home.com/coverage/",,,
transworldhome,"Im getting substandard speeds. I had the 20mbps connection installed, with your free 10mbps upgrade. Im not even getting the 20mbps im paying for. This is not the first time Im complaining of this, everytime I call your helpline they just refresh my router, which takes care of it for a few hours, but its back to unstable speeds and connection again afterwards.",,,
transworldhome,"Aneeq Mughees
Your complaint has been escalated. Our teams will get in touch with you very soon.",,,
transworldhome,"worst service by ur local ISP , GHAURI TOWN ISLAMABAD",,,
transworldhome,WORST INTERNET AND CUSTOMER SERVICES EVER SHAME Transworld Home,,,
transworldhome,Nat type change kurwani hai kur do please,,,
transworldhome,Please inbox us your credentials along with your query or send an email to csd@tes.com.pk.,,,
transworldhome,Please come to bahria town,,,
transworldhome,"Mustafa Hasan
We are constantly adding new areas. Keep an eye out on our social media for updates and announcements.",,,
transworldhome,Validity?,,,
transworldhome,"Abdul Raheem
It's currently valid until 30th June 2020.",,,
transworldhome,Is available in Gulshan-e-Iqbal block 15,,,
transworldhome,Is it available in Block 4 Federal B Area Karachi?,,,
transworldhome,Please come to state life Lahore,,,
transworldhome,"Haider Wasty
We are constantly adding new areas. Please keep following our social media for updates and announcements.",,,
transworldhome,i want link,,,
transworldhome,"Syed M Ali Shah
Can you please elaborate?",,,
transworldhome,"My internet appears to have 30 Mbps but apparently it is working like I am using a shared cable net. High pings, lot of disconnections and low speed as well. Is your support working these days?",,,
transworldhome,"Sohaib Mustafa
Apologies for the inconvenience. Our support is available 24x7. You can call our helpline or inbox us your credentials and we'll get it sorted.",,,
transworldhome,Fakhar Ul Haq,,,
transworldhome,RJ Hassnain Shaban Lashari Anees Ur Rehman,,,
transworldhome,"your company providing services in gulshan iqbal block 13/A, karachi?",,,
transworldhome,Apologies but our services are not available in the desired area. Keep following our social media for updates. Hope to serve you soon.,,,
transworldhome,Please let me know if your Customer Support Department is available during this pandemic situation. On call support from your live 24/7 helpline by Customer Support Representatives?,,,
transworldhome,"Haider Ali Bhatti
Our CS department is available 24x7 so our customers always stay connected. You contact our helpline or email at csd@tes.com.pk with details.",,,
transworldhome,Our Internet is out since mid day tdy and they ar saying that it will take more than a day to resolve the problem. Is there anyone working on ground?,,,
transworldhome,Internet browsing is giving issues a lot why,,,
transworldhome,"Ahmed M
Apologies for the inconvenience. Please inbox us your credentials.",,,
transworldhome,Great....,,,
transworldhome,Keep rocking guys,,,
transworldhome,Ahsan Malik,,,
transworldhome,How much effective....and speed n download....tell me cost,,,
transworldhome,"Syed Nadir
We offer speeds up to 100 Mbps with unlimited downloads. You can visit our website for more details:
www.transworld-home.com",,,
transworldhome,"Hey TES !!
Today i noticed that your gateway ip has been changed in traceroute. Screenshot attached.
Before that its 45.249.11.249
Now its 45.249.11.250",,,
transworldhome,"Abdul Raheem
Can you please elaborate on your query?",,,
transworldhome,"Facing severe Internet Connectivity problem in Karachi.. ID # 210105430, please resolve, Your UAN # not working.",,,
transworldhome,Apologies for the inconvenience. Please inbox us your customer ID and we'll look into it.,,,
transworldhome,Your internet isn‚Äôt working and calls aren‚Äôt going through so how do we work from home,,,
transworldhome,"Fatima Sattar Chawla
Apologies for the inconvenience. Please inbox us your customer ID and we'll look into it.",,,
transworldhome,Please update,,,
transworldhome,"Transworld ISP down Shahrah-e-Faisal , helplines also down ?",,,
transworldhome,transworld walaly apni website kab launch karaingay movies downloads games wali,,,
transworldhome,"Dear Ammar,

We currently don't have any such portal and no ETA can provided at this time regarding its availability.

Thank you.",,,
transworldhome,Internet is down all over and customer support is not reachable. Its been a couple of hours now and there is no way to know what is going on. Communication is the key and turning customer support off is the worst decision ever.,,,
transworldhome,All employees are liar of this company i attach the video as well please check the complete video,,,
transworldhome,Yousuf Khan Thank you for your cooperation. We'll look into it and get back to you very soon.,,,
transworldhome,Worst company ever,,,
transworldhome,First of all fix your high ping issue.,,,
transworldhome,"Abdul Raheem
We apologize for the delay. Your concern has been escalated and will be catered to very soon.",,,
transworldhome,"Internet is down and customer support number is turned off. That is really weird, what is going on?
Update: I called a technical staff member and he said its an over all issue which they are aware of and it will be restored in 30 mins.",,,
transworldhome,Superb service in Karachi Excellent coordination thumps up for you keep it up,,,
transworldhome,Problems with NAT type,,,
transworldhome,"Internet services have been fully restored. If you're still facing an issue, please inbox us your details and we'll look into it.",,,
transworldhome,Again having a same issue.,,,
transworldhome,"Internet services have been restored. If you're still facing an issue, kindly verify from your side and if it still pertains, please inbox us your detail and we'll look into it.",,,
transworldhome,"Kya restored ? Battle net not working . Netflix amazon prime not working . Half of my steam games arent working .
It isnt fixed . At all .",,,
transworldhome,"Maheen Mazhar
Apologies for the inconvenience. Please inbox us your credentials and contact details.",,,
transworldhome,"TV services are also not working since morning and no notification about it, I called service center and then was informed about the ongoing issue.",,,
transworldhome,"Internet services have been restored. If you're still facing an issue, kindly verify from your side and if it still pertains, please inbox us your details.",,,
transworldhome,When is the problem going to be resolved ?,,,
transworldhome,What is the expected time of resolution?,,,
transworldhome,No cable and no internet services,,,
transworldhome,Is there transworld in Phase 7 lahore?,,,
transworldhome,"Dear Omar,

Thank you for showing interest in our services. Please inbox us your complete address along with your contact details.",,,
transworldhome,That's why internet is not working properly.,,,
transworldhome,ETA?,,,
transworldhome,Mobin Aftab Khatri,,,
transworldhome,"That's a pretty big false claim by Transworld. I have been in contact with the Transworld team over email and telephone. I face severe ping and latency issues during Online gaming on PC and it gives NAT 3 type connection on Playstation which is not recommended by Playstation.

Whereas Optix ISP, StormFibre ISP and surprisingly PTCL (FTTH) are giving excellent ping rate.

Average Ping rates of various ISPs:
1. Transworld 39ms
2. Optix ISP: 3ms
3. StormFibre: 3ms
4. PTCL: 3ms",,,
transworldhome,"Not working since 3 days, complain for more than 5 times. Useless !",,,
transworldhome,Transworld üòç,,,
transworldhome,Big lie...High ping ...never get the low ping,,,
transworldhome,...and makes you suffer with CGNAT ;),,,
transworldhome,What is the average ping we can get using your wifi,,,
transworldhome,"?
is there a full episode Transworld Home?",,,
transworldhome,"Dear Talha,

Yes, you can watch the complete episode here:
http://bit.ly/39A5ABK",,,
transworldhome,Good Job Products and Branding Team... üëç,,,
transworldhome,210104944,,,
transworldhome,Kindly upgrade your traffic to Oman and also do peer to peer connection with Oman.,,,
transworldhome,"Dear Malik Awan,

We are extremely sorry to hear that. Please inbox us your details and one of our representatives will get back to you.

Thank you.",,,
transworldhome,Waiting from 1 week for internet activation. They promised for 2-3 days.,,,
transworldhome,"Dear Zuhair,

Your complaint has already been escalated to the concerned department. For further assistance, please contact our helpline: 111-837-837

Thank you.",,,
transworldhome,Which areas are your service in Karachi?,,,
transworldhome,Transworld one of the worst ISP provider in Pakistan,,,
transworldhome,I complained on 9th Dec. 2019,,,
transworldhome,3 months of complains and I still get this msg.,,,
transworldhome,RED LIGHT SHOWING ONLY THEY JUST INSTALL CONNECTION FROM INSIDE AND LEFT THE WIRING ON POLE STREET THAT OTHER TEAM WILL COME WHICH DIDNT COME EVEN IN 24 HOURS.. PATHETIC CUSTOMER SERVICE,,,
transworldhome,I pay Rs 25000 for wiring any possibility,,,
transworldhome,Webserber name ?,,,
transworldhome,"Dear Aqib,

The service you have requested is not being offered at the moment.

Thank you.",,,
transworldhome,Webserver name,,,
transworldhome,"Dear Laraib ,

The service you have requested is not being offered at the moment.

Thank you.",,,
transworldhome,When will Transworld start providing new television connections in DHA Islamabad? I‚Äôve been waiting since almost 3 months but still getting the same response that equipment is not available!! This is really pathetic!!,,,
transworldhome,"Dear Hamza,

We apologize for the inconvenience. Our teams are working non-stop to make this happen. Rest assured, once it is live, we will announce it on our social media.

Thank you.",,,